Residus,Angle phi,Angle psi
ARG,NULL,154.8771398600158
GLN,-97.27176424695051,154.20667588131997
ILE,-93.40860262753017,160.5020991559847
LYS,-120.73867509821868,21.100192083555182
ILE,-56.833161651848194,155.32929530217382
TRP,-91.51637447770258,98.39395059987534
PHE,-60.34592297223983,127.22346724877471
GLN,-78.46681367596184,148.8446106497185
ASN,-39.0878259314916,153.81304347609912
ARG,-85.52466986957327,122.63709902625226
ARG,-62.89972124509991,-55.97290230096991
MET,-60.4947061976925,136.34911182295738
LYS,-91.23344947815032,156.36291230329786
TRP,-58.81205658945325,132.006455491592
LYS,-93.49862078927752,119.2824973928462
LYS,-88.78157311358721,NULL
