Residus,Angle phi,Angle psi
ARG,NULL,154.87707537226092
GLN,-97.27177690752535,154.20661310801802
ILE,-93.40858811736949,160.50214718640592
LYS,-120.73866119609316,21.100244275879724
ILE,-56.833149971257136,155.3293345634557
TRP,-91.51639523454722,98.39397501465368
PHE,-60.345942426062784,127.22344512520793
GLN,-78.46684196335758,148.84457320782406
ASN,-39.08786173650946,153.81306218011383
ARG,-85.5246609801427,122.63708813412191
ARG,-62.8997365814997,-55.97289741456217
MET,-60.494704478745334,136.34910525774717
LYS,-91.23344421887673,156.36285647052668
TRP,-58.81205699225419,132.00642989756244
LYS,-93.49864876464729,119.28249536729669
LYS,-88.7815707123046,NULL
