Residus,Angle phi,Angle psi
ARG,NULL,-113.72202008660128
GLN,-100.70557883850194,21.03208880699442
ILE,-94.43014439097884,-42.52308020745246
LYS,-57.776906668029795,-42.28190287722376
ILE,-52.444219342931376,-50.02572176114205
TRP,-77.638422069479,-26.9068390888279
PHE,-58.85244257893757,-47.01236956177604
GLN,-65.51728485206793,-43.77348869766384
ASN,-60.02364684433924,-24.93805414222932
ARG,-66.4578621717247,-38.70429574139172
ARG,-53.828912741479805,-36.89636363989131
MET,-65.2273361363099,-24.271106916483813
LYS,-65.12737887627027,-17.66214485163945
TRP,-91.35815550734667,5.868476915612137
LYS,-90.68969240953415,129.48571498247574
LYS,-92.96718605382749,NULL
